{
    "train_loss": 7025.847866454696,
    "val_loss": 19687.553214413696,
    "test_rmse": 9305.927566753817
}