{
    "train_loss": 7121.654318679192,
    "val_loss": 21252.053563512425,
    "test_rmse": 10824.620888592353
}