{
    "train_loss": 1858.8190638905494,
    "val_loss": 13744.243041476046,
    "test_rmse": 3649.6281164000793
}