{
    "train_loss": 7166.462835171809,
    "val_loss": 21112.2879506108,
    "test_rmse": 10093.330507762807
}