{
    "train_loss": 7160.002808765807,
    "val_loss": 21742.405868592803,
    "test_rmse": 11306.577738058226
}