{
    "train_loss": 7098.976862346462,
    "val_loss": 20883.719082604046,
    "test_rmse": 10154.778657109026
}